{"cameraMode":{"drawMode":0,"name":"Shaded","section":"Shading Mode"},"sceneLighting":true,"audioPlay":false,"sceneViewState":{"showFog":true,"showMaterialUpdate":false,"showSkybox":true,"showFlares":true,"showImageEffects":true,"showParticleSystems":true},"in2DMode":false,"pivot":{"x":0.21693265438079835,"y":1.1855106353759766,"z":-1.5704643726348878},"rotation":{"x":0.5697029829025269,"y":0.13527944684028626,"z":-0.09574192762374878,"w":0.8049668073654175},"size":4.9484148025512699,"orthographic":false}